category,skill
Data Analyst,"Python, SQL, Excel, Power BI, Tableau, Data Visualization, Statistics, Pandas, Reporting, Business Intelligence"
Data Analyst,"Python, SQL, Excel, Power BI, Tableau, Data Visualization, Statistics, Pandas, Reporting, Business Intelligence"
Data Analyst,"Python, SQL, Excel, Power BI, Tableau, Data Visualization, Statistics, Pandas, Reporting, Business Intelligence"
Data Analyst,"Python, SQL, Excel, Power BI, Tableau, Data Visualization, Statistics, Pandas, Reporting, Business Intelligence"
Data Analyst,"Python, SQL, Excel, Power BI, Tableau, Data Visualization, Statistics, Pandas, Reporting, Business Intelligence"
Data Analyst,"Python, SQL, Excel, Power BI, Tableau, Data Visualization, Statistics, Pandas, Reporting, Business Intelligence"
Data Analyst,"Python, SQL, Excel, Power BI, Tableau, Data Visualization, Statistics, Pandas, Reporting, Business Intelligence"
Data Analyst,"Python, SQL, Excel, Power BI, Tableau, Data Visualization, Statistics, Pandas, Reporting, Business Intelligence"
Data Analyst,"Python, SQL, Excel, Power BI, Tableau, Data Visualization, Statistics, Pandas, Reporting, Business Intelligence"
Data Analyst,"Python, SQL, Excel, Power BI, Tableau, Data Visualization, Statistics, Pandas, Reporting, Business Intelligence"
Data Analyst,"SQL, Excel, Python, Data Cleaning, Data Modeling, Power BI, Dashboarding, Pandas, Data Analytics"
Data Analyst,"SQL, Excel, Python, Data Cleaning, Data Modeling, Power BI, Dashboarding, Pandas, Data Analytics"
Data Analyst,"SQL, Excel, Python, Data Cleaning, Data Modeling, Power BI, Dashboarding, Pandas, Data Analytics"
Data Analyst,"SQL, Excel, Python, Data Cleaning, Data Modeling, Power BI, Dashboarding, Pandas, Data Analytics"
Data Analyst,"SQL, Excel, Python, Data Cleaning, Data Modeling, Power BI, Dashboarding, Pandas, Data Analytics"
Data Analyst,"SQL, Excel, Python, Data Cleaning, Data Modeling, Power BI, Dashboarding, Pandas, Data Analytics"
Data Analyst,"SQL, Excel, Python, Data Cleaning, Data Modeling, Power BI, Dashboarding, Pandas, Data Analytics"
Data Analyst,"SQL, Excel, Python, Data Cleaning, Data Modeling, Power BI, Dashboarding, Pandas, Data Analytics"
Data Analyst,"SQL, Excel, Python, Data Cleaning, Data Modeling, Power BI, Dashboarding, Pandas, Data Analytics"
Data Analyst,"SQL, Excel, Python, Data Cleaning, Data Modeling, Power BI, Dashboarding, Pandas, Data Analytics"
Data Analyst,"Excel, Power BI, SQL, Data Visualization, Reporting, Data Analysis, Python, Business Analysis"
Data Analyst,"Excel, Power BI, SQL, Data Visualization, Reporting, Data Analysis, Python, Business Analysis"
Data Analyst,"Excel, Power BI, SQL, Data Visualization, Reporting, Data Analysis, Python, Business Analysis"
Data Analyst,"Excel, Power BI, SQL, Data Visualization, Reporting, Data Analysis, Python, Business Analysis"
Data Analyst,"Excel, Power BI, SQL, Data Visualization, Reporting, Data Analysis, Python, Business Analysis"
Data Analyst,"Excel, Power BI, SQL, Data Visualization, Reporting, Data Analysis, Python, Business Analysis"
Data Analyst,"Excel, Power BI, SQL, Data Visualization, Reporting, Data Analysis, Python, Business Analysis"
Data Analyst,"Excel, Power BI, SQL, Data Visualization, Reporting, Data Analysis, Python, Business Analysis"
Data Analyst,"Excel, Power BI, SQL, Data Visualization, Reporting, Data Analysis, Python, Business Analysis"
Data Analyst,"Excel, Power BI, SQL, Data Visualization, Reporting, Data Analysis, Python, Business Analysis"
Data Analyst,"Python, Pandas, NumPy, Excel, Data Cleaning, Tableau, Business Intelligence, Statistics"
Data Analyst,"Python, Pandas, NumPy, Excel, Data Cleaning, Tableau, Business Intelligence, Statistics"
Data Analyst,"Python, Pandas, NumPy, Excel, Data Cleaning, Tableau, Business Intelligence, Statistics"
Data Analyst,"Python, Pandas, NumPy, Excel, Data Cleaning, Tableau, Business Intelligence, Statistics"
Data Analyst,"Python, Pandas, NumPy, Excel, Data Cleaning, Tableau, Business Intelligence, Statistics"
Data Analyst,"Python, Pandas, NumPy, Excel, Data Cleaning, Tableau, Business Intelligence, Statistics"
Data Analyst,"Python, Pandas, NumPy, Excel, Data Cleaning, Tableau, Business Intelligence, Statistics"
Data Analyst,"Python, Pandas, NumPy, Excel, Data Cleaning, Tableau, Business Intelligence, Statistics"
Data Analyst,"Python, Pandas, NumPy, Excel, Data Cleaning, Tableau, Business Intelligence, Statistics"
Data Analyst,"Python, Pandas, NumPy, Excel, Data Cleaning, Tableau, Business Intelligence, Statistics"
Data Scientist,"Python, Machine Learning, Statistics, Pandas, NumPy, Data Cleaning, Deep Learning, TensorFlow, Scikit-learn"
Data Scientist,"Python, Machine Learning, Statistics, Pandas, NumPy, Data Cleaning, Deep Learning, TensorFlow, Scikit-learn"
Data Scientist,"Python, Machine Learning, Statistics, Pandas, NumPy, Data Cleaning, Deep Learning, TensorFlow, Scikit-learn"
Data Scientist,"Python, Machine Learning, Statistics, Pandas, NumPy, Data Cleaning, Deep Learning, TensorFlow, Scikit-learn"
Data Scientist,"Python, Machine Learning, Statistics, Pandas, NumPy, Data Cleaning, Deep Learning, TensorFlow, Scikit-learn"
Data Scientist,"Python, Machine Learning, Statistics, Pandas, NumPy, Data Cleaning, Deep Learning, TensorFlow, Scikit-learn"
Data Scientist,"Python, Machine Learning, Statistics, Pandas, NumPy, Data Cleaning, Deep Learning, TensorFlow, Scikit-learn"
Data Scientist,"Python, Machine Learning, Statistics, Pandas, NumPy, Data Cleaning, Deep Learning, TensorFlow, Scikit-learn"
Data Scientist,"Python, Machine Learning, Statistics, Pandas, NumPy, Data Cleaning, Deep Learning, TensorFlow, Scikit-learn"
Data Scientist,"Python, Machine Learning, Statistics, Pandas, NumPy, Data Cleaning, Deep Learning, TensorFlow, Scikit-learn"
Data Scientist,"Python, R, Data Mining, Data Analysis, Feature Engineering, NLP, Deep Learning, PyTorch"
Data Scientist,"Python, R, Data Mining, Data Analysis, Feature Engineering, NLP, Deep Learning, PyTorch"
Data Scientist,"Python, R, Data Mining, Data Analysis, Feature Engineering, NLP, Deep Learning, PyTorch"
Data Scientist,"Python, R, Data Mining, Data Analysis, Feature Engineering, NLP, Deep Learning, PyTorch"
Data Scientist,"Python, R, Data Mining, Data Analysis, Feature Engineering, NLP, Deep Learning, PyTorch"
Data Scientist,"Python, R, Data Mining, Data Analysis, Feature Engineering, NLP, Deep Learning, PyTorch"
Data Scientist,"Python, R, Data Mining, Data Analysis, Feature Engineering, NLP, Deep Learning, PyTorch"
Data Scientist,"Python, R, Data Mining, Data Analysis, Feature Engineering, NLP, Deep Learning, PyTorch"
Data Scientist,"Python, R, Data Mining, Data Analysis, Feature Engineering, NLP, Deep Learning, PyTorch"
Data Scientist,"Python, R, Data Mining, Data Analysis, Feature Engineering, NLP, Deep Learning, PyTorch"
Data Scientist,"Machine Learning, Data Visualization, Python, Data Wrangling, Pandas, NumPy, TensorFlow"
Data Scientist,"Machine Learning, Data Visualization, Python, Data Wrangling, Pandas, NumPy, TensorFlow"
Data Scientist,"Machine Learning, Data Visualization, Python, Data Wrangling, Pandas, NumPy, TensorFlow"
Data Scientist,"Machine Learning, Data Visualization, Python, Data Wrangling, Pandas, NumPy, TensorFlow"
Data Scientist,"Machine Learning, Data Visualization, Python, Data Wrangling, Pandas, NumPy, TensorFlow"
Data Scientist,"Machine Learning, Data Visualization, Python, Data Wrangling, Pandas, NumPy, TensorFlow"
Data Scientist,"Machine Learning, Data Visualization, Python, Data Wrangling, Pandas, NumPy, TensorFlow"
Data Scientist,"Machine Learning, Data Visualization, Python, Data Wrangling, Pandas, NumPy, TensorFlow"
Data Scientist,"Machine Learning, Data Visualization, Python, Data Wrangling, Pandas, NumPy, TensorFlow"
Data Scientist,"Machine Learning, Data Visualization, Python, Data Wrangling, Pandas, NumPy, TensorFlow"
Data Scientist,"R, Python, Deep Learning, Predictive Modeling, NLP, TensorFlow, Data Science, Feature Engineering"
Data Scientist,"R, Python, Deep Learning, Predictive Modeling, NLP, TensorFlow, Data Science, Feature Engineering"
Data Scientist,"R, Python, Deep Learning, Predictive Modeling, NLP, TensorFlow, Data Science, Feature Engineering"
Data Scientist,"R, Python, Deep Learning, Predictive Modeling, NLP, TensorFlow, Data Science, Feature Engineering"
Data Scientist,"R, Python, Deep Learning, Predictive Modeling, NLP, TensorFlow, Data Science, Feature Engineering"
Data Scientist,"R, Python, Deep Learning, Predictive Modeling, NLP, TensorFlow, Data Science, Feature Engineering"
Data Scientist,"R, Python, Deep Learning, Predictive Modeling, NLP, TensorFlow, Data Science, Feature Engineering"
Data Scientist,"R, Python, Deep Learning, Predictive Modeling, NLP, TensorFlow, Data Science, Feature Engineering"
Data Scientist,"R, Python, Deep Learning, Predictive Modeling, NLP, TensorFlow, Data Science, Feature Engineering"
Data Scientist,"R, Python, Deep Learning, Predictive Modeling, NLP, TensorFlow, Data Science, Feature Engineering"
Machine Learning Engineer,"Python, TensorFlow, PyTorch, Scikit-learn, Deep Learning, Feature Engineering, Neural Networks, ML Ops"
Machine Learning Engineer,"Python, TensorFlow, PyTorch, Scikit-learn, Deep Learning, Feature Engineering, Neural Networks, ML Ops"
Machine Learning Engineer,"Python, TensorFlow, PyTorch, Scikit-learn, Deep Learning, Feature Engineering, Neural Networks, ML Ops"
Machine Learning Engineer,"Python, TensorFlow, PyTorch, Scikit-learn, Deep Learning, Feature Engineering, Neural Networks, ML Ops"
Machine Learning Engineer,"Python, TensorFlow, PyTorch, Scikit-learn, Deep Learning, Feature Engineering, Neural Networks, ML Ops"
Machine Learning Engineer,"Python, TensorFlow, PyTorch, Scikit-learn, Deep Learning, Feature Engineering, Neural Networks, ML Ops"
Machine Learning Engineer,"Python, TensorFlow, PyTorch, Scikit-learn, Deep Learning, Feature Engineering, Neural Networks, ML Ops"
Machine Learning Engineer,"Python, TensorFlow, PyTorch, Scikit-learn, Deep Learning, Feature Engineering, Neural Networks, ML Ops"
Machine Learning Engineer,"Python, TensorFlow, PyTorch, Scikit-learn, Deep Learning, Feature Engineering, Neural Networks, ML Ops"
Machine Learning Engineer,"Python, TensorFlow, PyTorch, Scikit-learn, Deep Learning, Feature Engineering, Neural Networks, ML Ops"
Machine Learning Engineer,"Python, ML Algorithms, Hyperparameter Tuning, Scikit-learn, TensorFlow, Data Processing"
Machine Learning Engineer,"Python, ML Algorithms, Hyperparameter Tuning, Scikit-learn, TensorFlow, Data Processing"
Machine Learning Engineer,"Python, ML Algorithms, Hyperparameter Tuning, Scikit-learn, TensorFlow, Data Processing"
Machine Learning Engineer,"Python, ML Algorithms, Hyperparameter Tuning, Scikit-learn, TensorFlow, Data Processing"
Machine Learning Engineer,"Python, ML Algorithms, Hyperparameter Tuning, Scikit-learn, TensorFlow, Data Processing"
Machine Learning Engineer,"Python, ML Algorithms, Hyperparameter Tuning, Scikit-learn, TensorFlow, Data Processing"
Machine Learning Engineer,"Python, ML Algorithms, Hyperparameter Tuning, Scikit-learn, TensorFlow, Data Processing"
Machine Learning Engineer,"Python, ML Algorithms, Hyperparameter Tuning, Scikit-learn, TensorFlow, Data Processing"
Machine Learning Engineer,"Python, ML Algorithms, Hyperparameter Tuning, Scikit-learn, TensorFlow, Data Processing"
Machine Learning Engineer,"Python, ML Algorithms, Hyperparameter Tuning, Scikit-learn, TensorFlow, Data Processing"
Machine Learning Engineer,"Machine Learning, Python, Model Evaluation, Model Deployment, TensorFlow, PyTorch"
Machine Learning Engineer,"Machine Learning, Python, Model Evaluation, Model Deployment, TensorFlow, PyTorch"
Machine Learning Engineer,"Machine Learning, Python, Model Evaluation, Model Deployment, TensorFlow, PyTorch"
Machine Learning Engineer,"Machine Learning, Python, Model Evaluation, Model Deployment, TensorFlow, PyTorch"
Machine Learning Engineer,"Machine Learning, Python, Model Evaluation, Model Deployment, TensorFlow, PyTorch"
Machine Learning Engineer,"Machine Learning, Python, Model Evaluation, Model Deployment, TensorFlow, PyTorch"
Machine Learning Engineer,"Machine Learning, Python, Model Evaluation, Model Deployment, TensorFlow, PyTorch"
Machine Learning Engineer,"Machine Learning, Python, Model Evaluation, Model Deployment, TensorFlow, PyTorch"
Machine Learning Engineer,"Machine Learning, Python, Model Evaluation, Model Deployment, TensorFlow, PyTorch"
Machine Learning Engineer,"Machine Learning, Python, Model Evaluation, Model Deployment, TensorFlow, PyTorch"
Machine Learning Engineer,"Python, Feature Selection, Deep Learning, Neural Networks, ML Pipelines, TensorFlow"
Machine Learning Engineer,"Python, Feature Selection, Deep Learning, Neural Networks, ML Pipelines, TensorFlow"
Machine Learning Engineer,"Python, Feature Selection, Deep Learning, Neural Networks, ML Pipelines, TensorFlow"
Machine Learning Engineer,"Python, Feature Selection, Deep Learning, Neural Networks, ML Pipelines, TensorFlow"
Machine Learning Engineer,"Python, Feature Selection, Deep Learning, Neural Networks, ML Pipelines, TensorFlow"
Machine Learning Engineer,"Python, Feature Selection, Deep Learning, Neural Networks, ML Pipelines, TensorFlow"
Machine Learning Engineer,"Python, Feature Selection, Deep Learning, Neural Networks, ML Pipelines, TensorFlow"
Machine Learning Engineer,"Python, Feature Selection, Deep Learning, Neural Networks, ML Pipelines, TensorFlow"
Machine Learning Engineer,"Python, Feature Selection, Deep Learning, Neural Networks, ML Pipelines, TensorFlow"
Machine Learning Engineer,"Python, Feature Selection, Deep Learning, Neural Networks, ML Pipelines, TensorFlow"
Web Developer,"HTML, CSS, JavaScript, React, Node.js, Express, MongoDB, Frontend, Backend, Git"
Web Developer,"HTML, CSS, JavaScript, React, Node.js, Express, MongoDB, Frontend, Backend, Git"
Web Developer,"HTML, CSS, JavaScript, React, Node.js, Express, MongoDB, Frontend, Backend, Git"
Web Developer,"HTML, CSS, JavaScript, React, Node.js, Express, MongoDB, Frontend, Backend, Git"
Web Developer,"HTML, CSS, JavaScript, React, Node.js, Express, MongoDB, Frontend, Backend, Git"
Web Developer,"HTML, CSS, JavaScript, React, Node.js, Express, MongoDB, Frontend, Backend, Git"
Web Developer,"HTML, CSS, JavaScript, React, Node.js, Express, MongoDB, Frontend, Backend, Git"
Web Developer,"HTML, CSS, JavaScript, React, Node.js, Express, MongoDB, Frontend, Backend, Git"
Web Developer,"HTML, CSS, JavaScript, React, Node.js, Express, MongoDB, Frontend, Backend, Git"
Web Developer,"HTML, CSS, JavaScript, React, Node.js, Express, MongoDB, Frontend, Backend, Git"
Web Developer,"HTML, CSS, JavaScript, Vue.js, Bootstrap, Git, Frontend Development, Responsive Design"
Web Developer,"HTML, CSS, JavaScript, Vue.js, Bootstrap, Git, Frontend Development, Responsive Design"
Web Developer,"HTML, CSS, JavaScript, Vue.js, Bootstrap, Git, Frontend Development, Responsive Design"
Web Developer,"HTML, CSS, JavaScript, Vue.js, Bootstrap, Git, Frontend Development, Responsive Design"
Web Developer,"HTML, CSS, JavaScript, Vue.js, Bootstrap, Git, Frontend Development, Responsive Design"
Web Developer,"HTML, CSS, JavaScript, Vue.js, Bootstrap, Git, Frontend Development, Responsive Design"
Web Developer,"HTML, CSS, JavaScript, Vue.js, Bootstrap, Git, Frontend Development, Responsive Design"
Web Developer,"HTML, CSS, JavaScript, Vue.js, Bootstrap, Git, Frontend Development, Responsive Design"
Web Developer,"HTML, CSS, JavaScript, Vue.js, Bootstrap, Git, Frontend Development, Responsive Design"
Web Developer,"HTML, CSS, JavaScript, Vue.js, Bootstrap, Git, Frontend Development, Responsive Design"
Web Developer,"JavaScript, React, Node.js, Express, MongoDB, REST APIs, Web Development"
Web Developer,"JavaScript, React, Node.js, Express, MongoDB, REST APIs, Web Development"
Web Developer,"JavaScript, React, Node.js, Express, MongoDB, REST APIs, Web Development"
Web Developer,"JavaScript, React, Node.js, Express, MongoDB, REST APIs, Web Development"
Web Developer,"JavaScript, React, Node.js, Express, MongoDB, REST APIs, Web Development"
Web Developer,"JavaScript, React, Node.js, Express, MongoDB, REST APIs, Web Development"
Web Developer,"JavaScript, React, Node.js, Express, MongoDB, REST APIs, Web Development"
Web Developer,"JavaScript, React, Node.js, Express, MongoDB, REST APIs, Web Development"
Web Developer,"JavaScript, React, Node.js, Express, MongoDB, REST APIs, Web Development"
Web Developer,"JavaScript, React, Node.js, Express, MongoDB, REST APIs, Web Development"
Web Developer,"HTML, CSS, Tailwind, React, TypeScript, Git, Frontend Frameworks"
Web Developer,"HTML, CSS, Tailwind, React, TypeScript, Git, Frontend Frameworks"
Web Developer,"HTML, CSS, Tailwind, React, TypeScript, Git, Frontend Frameworks"
Web Developer,"HTML, CSS, Tailwind, React, TypeScript, Git, Frontend Frameworks"
Web Developer,"HTML, CSS, Tailwind, React, TypeScript, Git, Frontend Frameworks"
Web Developer,"HTML, CSS, Tailwind, React, TypeScript, Git, Frontend Frameworks"
Web Developer,"HTML, CSS, Tailwind, React, TypeScript, Git, Frontend Frameworks"
Web Developer,"HTML, CSS, Tailwind, React, TypeScript, Git, Frontend Frameworks"
Web Developer,"HTML, CSS, Tailwind, React, TypeScript, Git, Frontend Frameworks"
Web Developer,"HTML, CSS, Tailwind, React, TypeScript, Git, Frontend Frameworks"
Software Engineer,"C++, Java, Python, Algorithms, Data Structures, OOP, Git, Software Design, Problem Solving"
Software Engineer,"C++, Java, Python, Algorithms, Data Structures, OOP, Git, Software Design, Problem Solving"
Software Engineer,"C++, Java, Python, Algorithms, Data Structures, OOP, Git, Software Design, Problem Solving"
Software Engineer,"C++, Java, Python, Algorithms, Data Structures, OOP, Git, Software Design, Problem Solving"
Software Engineer,"C++, Java, Python, Algorithms, Data Structures, OOP, Git, Software Design, Problem Solving"
Software Engineer,"C++, Java, Python, Algorithms, Data Structures, OOP, Git, Software Design, Problem Solving"
Software Engineer,"C++, Java, Python, Algorithms, Data Structures, OOP, Git, Software Design, Problem Solving"
Software Engineer,"C++, Java, Python, Algorithms, Data Structures, OOP, Git, Software Design, Problem Solving"
Software Engineer,"C++, Java, Python, Algorithms, Data Structures, OOP, Git, Software Design, Problem Solving"
Software Engineer,"C++, Java, Python, Algorithms, Data Structures, OOP, Git, Software Design, Problem Solving"
Software Engineer,"Java, Spring Boot, Microservices, API Development, SQL, Git, Software Architecture"
Software Engineer,"Java, Spring Boot, Microservices, API Development, SQL, Git, Software Architecture"
Software Engineer,"Java, Spring Boot, Microservices, API Development, SQL, Git, Software Architecture"
Software Engineer,"Java, Spring Boot, Microservices, API Development, SQL, Git, Software Architecture"
Software Engineer,"Java, Spring Boot, Microservices, API Development, SQL, Git, Software Architecture"
Software Engineer,"Java, Spring Boot, Microservices, API Development, SQL, Git, Software Architecture"
Software Engineer,"Java, Spring Boot, Microservices, API Development, SQL, Git, Software Architecture"
Software Engineer,"Java, Spring Boot, Microservices, API Development, SQL, Git, Software Architecture"
Software Engineer,"Java, Spring Boot, Microservices, API Development, SQL, Git, Software Architecture"
Software Engineer,"Java, Spring Boot, Microservices, API Development, SQL, Git, Software Architecture"
Software Engineer,"C#, .NET, Software Development, APIs, OOP, GitHub, Debugging, Unit Testing"
Software Engineer,"C#, .NET, Software Development, APIs, OOP, GitHub, Debugging, Unit Testing"
Software Engineer,"C#, .NET, Software Development, APIs, OOP, GitHub, Debugging, Unit Testing"
Software Engineer,"C#, .NET, Software Development, APIs, OOP, GitHub, Debugging, Unit Testing"
Software Engineer,"C#, .NET, Software Development, APIs, OOP, GitHub, Debugging, Unit Testing"
Software Engineer,"C#, .NET, Software Development, APIs, OOP, GitHub, Debugging, Unit Testing"
Software Engineer,"C#, .NET, Software Development, APIs, OOP, GitHub, Debugging, Unit Testing"
Software Engineer,"C#, .NET, Software Development, APIs, OOP, GitHub, Debugging, Unit Testing"
Software Engineer,"C#, .NET, Software Development, APIs, OOP, GitHub, Debugging, Unit Testing"
Software Engineer,"C#, .NET, Software Development, APIs, OOP, GitHub, Debugging, Unit Testing"
Software Engineer,"Python, Java, Software Engineering, Agile, SDLC, API Design, Version Control"
Software Engineer,"Python, Java, Software Engineering, Agile, SDLC, API Design, Version Control"
Software Engineer,"Python, Java, Software Engineering, Agile, SDLC, API Design, Version Control"
Software Engineer,"Python, Java, Software Engineering, Agile, SDLC, API Design, Version Control"
Software Engineer,"Python, Java, Software Engineering, Agile, SDLC, API Design, Version Control"
Software Engineer,"Python, Java, Software Engineering, Agile, SDLC, API Design, Version Control"
Software Engineer,"Python, Java, Software Engineering, Agile, SDLC, API Design, Version Control"
Software Engineer,"Python, Java, Software Engineering, Agile, SDLC, API Design, Version Control"
Software Engineer,"Python, Java, Software Engineering, Agile, SDLC, API Design, Version Control"
Software Engineer,"Python, Java, Software Engineering, Agile, SDLC, API Design, Version Control"
Cloud Engineer,"AWS, Azure, GCP, Cloud Deployment, Networking, Docker, Terraform, CI/CD, Cloud Infrastructure"
Cloud Engineer,"AWS, Azure, GCP, Cloud Deployment, Networking, Docker, Terraform, CI/CD, Cloud Infrastructure"
Cloud Engineer,"AWS, Azure, GCP, Cloud Deployment, Networking, Docker, Terraform, CI/CD, Cloud Infrastructure"
Cloud Engineer,"AWS, Azure, GCP, Cloud Deployment, Networking, Docker, Terraform, CI/CD, Cloud Infrastructure"
Cloud Engineer,"AWS, Azure, GCP, Cloud Deployment, Networking, Docker, Terraform, CI/CD, Cloud Infrastructure"
Cloud Engineer,"AWS, Azure, GCP, Cloud Deployment, Networking, Docker, Terraform, CI/CD, Cloud Infrastructure"
Cloud Engineer,"AWS, Azure, GCP, Cloud Deployment, Networking, Docker, Terraform, CI/CD, Cloud Infrastructure"
Cloud Engineer,"AWS, Azure, GCP, Cloud Deployment, Networking, Docker, Terraform, CI/CD, Cloud Infrastructure"
Cloud Engineer,"AWS, Azure, GCP, Cloud Deployment, Networking, Docker, Terraform, CI/CD, Cloud Infrastructure"
Cloud Engineer,"AWS, Azure, GCP, Cloud Deployment, Networking, Docker, Terraform, CI/CD, Cloud Infrastructure"
Cloud Engineer,"AWS, Cloud Computing, Linux, Jenkins, Docker, Kubernetes, Networking"
Cloud Engineer,"AWS, Cloud Computing, Linux, Jenkins, Docker, Kubernetes, Networking"
Cloud Engineer,"AWS, Cloud Computing, Linux, Jenkins, Docker, Kubernetes, Networking"
Cloud Engineer,"AWS, Cloud Computing, Linux, Jenkins, Docker, Kubernetes, Networking"
Cloud Engineer,"AWS, Cloud Computing, Linux, Jenkins, Docker, Kubernetes, Networking"
Cloud Engineer,"AWS, Cloud Computing, Linux, Jenkins, Docker, Kubernetes, Networking"
Cloud Engineer,"AWS, Cloud Computing, Linux, Jenkins, Docker, Kubernetes, Networking"
Cloud Engineer,"AWS, Cloud Computing, Linux, Jenkins, Docker, Kubernetes, Networking"
Cloud Engineer,"AWS, Cloud Computing, Linux, Jenkins, Docker, Kubernetes, Networking"
Cloud Engineer,"AWS, Cloud Computing, Linux, Jenkins, Docker, Kubernetes, Networking"
Cloud Engineer,"Azure, Cloud Security, AWS Lambda, DevOps, Automation, Cloud Architecture"
Cloud Engineer,"Azure, Cloud Security, AWS Lambda, DevOps, Automation, Cloud Architecture"
Cloud Engineer,"Azure, Cloud Security, AWS Lambda, DevOps, Automation, Cloud Architecture"
Cloud Engineer,"Azure, Cloud Security, AWS Lambda, DevOps, Automation, Cloud Architecture"
Cloud Engineer,"Azure, Cloud Security, AWS Lambda, DevOps, Automation, Cloud Architecture"
Cloud Engineer,"Azure, Cloud Security, AWS Lambda, DevOps, Automation, Cloud Architecture"
Cloud Engineer,"Azure, Cloud Security, AWS Lambda, DevOps, Automation, Cloud Architecture"
Cloud Engineer,"Azure, Cloud Security, AWS Lambda, DevOps, Automation, Cloud Architecture"
Cloud Engineer,"Azure, Cloud Security, AWS Lambda, DevOps, Automation, Cloud Architecture"
Cloud Engineer,"Azure, Cloud Security, AWS Lambda, DevOps, Automation, Cloud Architecture"
Cloud Engineer,"GCP, Cloud Storage, Terraform, Docker, Jenkins, AWS EC2, Kubernetes"
Cloud Engineer,"GCP, Cloud Storage, Terraform, Docker, Jenkins, AWS EC2, Kubernetes"
Cloud Engineer,"GCP, Cloud Storage, Terraform, Docker, Jenkins, AWS EC2, Kubernetes"
Cloud Engineer,"GCP, Cloud Storage, Terraform, Docker, Jenkins, AWS EC2, Kubernetes"
Cloud Engineer,"GCP, Cloud Storage, Terraform, Docker, Jenkins, AWS EC2, Kubernetes"
Cloud Engineer,"GCP, Cloud Storage, Terraform, Docker, Jenkins, AWS EC2, Kubernetes"
Cloud Engineer,"GCP, Cloud Storage, Terraform, Docker, Jenkins, AWS EC2, Kubernetes"
Cloud Engineer,"GCP, Cloud Storage, Terraform, Docker, Jenkins, AWS EC2, Kubernetes"
Cloud Engineer,"GCP, Cloud Storage, Terraform, Docker, Jenkins, AWS EC2, Kubernetes"
Cloud Engineer,"GCP, Cloud Storage, Terraform, Docker, Jenkins, AWS EC2, Kubernetes"
DevOps Engineer,"Docker, Kubernetes, Jenkins, CI/CD, Terraform, AWS, Monitoring, Linux, Git, Automation"
DevOps Engineer,"Docker, Kubernetes, Jenkins, CI/CD, Terraform, AWS, Monitoring, Linux, Git, Automation"
DevOps Engineer,"Docker, Kubernetes, Jenkins, CI/CD, Terraform, AWS, Monitoring, Linux, Git, Automation"
DevOps Engineer,"Docker, Kubernetes, Jenkins, CI/CD, Terraform, AWS, Monitoring, Linux, Git, Automation"
DevOps Engineer,"Docker, Kubernetes, Jenkins, CI/CD, Terraform, AWS, Monitoring, Linux, Git, Automation"
DevOps Engineer,"Docker, Kubernetes, Jenkins, CI/CD, Terraform, AWS, Monitoring, Linux, Git, Automation"
DevOps Engineer,"Docker, Kubernetes, Jenkins, CI/CD, Terraform, AWS, Monitoring, Linux, Git, Automation"
DevOps Engineer,"Docker, Kubernetes, Jenkins, CI/CD, Terraform, AWS, Monitoring, Linux, Git, Automation"
DevOps Engineer,"Docker, Kubernetes, Jenkins, CI/CD, Terraform, AWS, Monitoring, Linux, Git, Automation"
DevOps Engineer,"Docker, Kubernetes, Jenkins, CI/CD, Terraform, AWS, Monitoring, Linux, Git, Automation"
DevOps Engineer,"Azure, GitHub Actions, CI/CD Pipelines, Cloud Infrastructure, Docker, Terraform"
DevOps Engineer,"Azure, GitHub Actions, CI/CD Pipelines, Cloud Infrastructure, Docker, Terraform"
DevOps Engineer,"Azure, GitHub Actions, CI/CD Pipelines, Cloud Infrastructure, Docker, Terraform"
DevOps Engineer,"Azure, GitHub Actions, CI/CD Pipelines, Cloud Infrastructure, Docker, Terraform"
DevOps Engineer,"Azure, GitHub Actions, CI/CD Pipelines, Cloud Infrastructure, Docker, Terraform"
DevOps Engineer,"Azure, GitHub Actions, CI/CD Pipelines, Cloud Infrastructure, Docker, Terraform"
DevOps Engineer,"Azure, GitHub Actions, CI/CD Pipelines, Cloud Infrastructure, Docker, Terraform"
DevOps Engineer,"Azure, GitHub Actions, CI/CD Pipelines, Cloud Infrastructure, Docker, Terraform"
DevOps Engineer,"Azure, GitHub Actions, CI/CD Pipelines, Cloud Infrastructure, Docker, Terraform"
DevOps Engineer,"Azure, GitHub Actions, CI/CD Pipelines, Cloud Infrastructure, Docker, Terraform"
DevOps Engineer,"Ansible, Jenkins, AWS, Containerization, Linux, Cloud Deployment, Git"
DevOps Engineer,"Ansible, Jenkins, AWS, Containerization, Linux, Cloud Deployment, Git"
DevOps Engineer,"Ansible, Jenkins, AWS, Containerization, Linux, Cloud Deployment, Git"
DevOps Engineer,"Ansible, Jenkins, AWS, Containerization, Linux, Cloud Deployment, Git"
DevOps Engineer,"Ansible, Jenkins, AWS, Containerization, Linux, Cloud Deployment, Git"
DevOps Engineer,"Ansible, Jenkins, AWS, Containerization, Linux, Cloud Deployment, Git"
DevOps Engineer,"Ansible, Jenkins, AWS, Containerization, Linux, Cloud Deployment, Git"
DevOps Engineer,"Ansible, Jenkins, AWS, Containerization, Linux, Cloud Deployment, Git"
DevOps Engineer,"Ansible, Jenkins, AWS, Containerization, Linux, Cloud Deployment, Git"
DevOps Engineer,"Ansible, Jenkins, AWS, Containerization, Linux, Cloud Deployment, Git"
DevOps Engineer,"Docker, Terraform, AWS, Monitoring, Jenkins, CI/CD, Automation Tools"
DevOps Engineer,"Docker, Terraform, AWS, Monitoring, Jenkins, CI/CD, Automation Tools"
DevOps Engineer,"Docker, Terraform, AWS, Monitoring, Jenkins, CI/CD, Automation Tools"
DevOps Engineer,"Docker, Terraform, AWS, Monitoring, Jenkins, CI/CD, Automation Tools"
DevOps Engineer,"Docker, Terraform, AWS, Monitoring, Jenkins, CI/CD, Automation Tools"
DevOps Engineer,"Docker, Terraform, AWS, Monitoring, Jenkins, CI/CD, Automation Tools"
DevOps Engineer,"Docker, Terraform, AWS, Monitoring, Jenkins, CI/CD, Automation Tools"
DevOps Engineer,"Docker, Terraform, AWS, Monitoring, Jenkins, CI/CD, Automation Tools"
DevOps Engineer,"Docker, Terraform, AWS, Monitoring, Jenkins, CI/CD, Automation Tools"
DevOps Engineer,"Docker, Terraform, AWS, Monitoring, Jenkins, CI/CD, Automation Tools"
Cybersecurity Analyst,"Network Security, Penetration Testing, Firewalls, Risk Assessment, Kali Linux, Ethical Hacking, SIEM"
Cybersecurity Analyst,"Network Security, Penetration Testing, Firewalls, Risk Assessment, Kali Linux, Ethical Hacking, SIEM"
Cybersecurity Analyst,"Network Security, Penetration Testing, Firewalls, Risk Assessment, Kali Linux, Ethical Hacking, SIEM"
Cybersecurity Analyst,"Network Security, Penetration Testing, Firewalls, Risk Assessment, Kali Linux, Ethical Hacking, SIEM"
Cybersecurity Analyst,"Network Security, Penetration Testing, Firewalls, Risk Assessment, Kali Linux, Ethical Hacking, SIEM"
Cybersecurity Analyst,"Network Security, Penetration Testing, Firewalls, Risk Assessment, Kali Linux, Ethical Hacking, SIEM"
Cybersecurity Analyst,"Network Security, Penetration Testing, Firewalls, Risk Assessment, Kali Linux, Ethical Hacking, SIEM"
Cybersecurity Analyst,"Network Security, Penetration Testing, Firewalls, Risk Assessment, Kali Linux, Ethical Hacking, SIEM"
Cybersecurity Analyst,"Network Security, Penetration Testing, Firewalls, Risk Assessment, Kali Linux, Ethical Hacking, SIEM"
Cybersecurity Analyst,"Network Security, Penetration Testing, Firewalls, Risk Assessment, Kali Linux, Ethical Hacking, SIEM"
Cybersecurity Analyst,"Cybersecurity, Threat Detection, Encryption, Security Auditing, Network Defense"
Cybersecurity Analyst,"Cybersecurity, Threat Detection, Encryption, Security Auditing, Network Defense"
Cybersecurity Analyst,"Cybersecurity, Threat Detection, Encryption, Security Auditing, Network Defense"
Cybersecurity Analyst,"Cybersecurity, Threat Detection, Encryption, Security Auditing, Network Defense"
Cybersecurity Analyst,"Cybersecurity, Threat Detection, Encryption, Security Auditing, Network Defense"
Cybersecurity Analyst,"Cybersecurity, Threat Detection, Encryption, Security Auditing, Network Defense"
Cybersecurity Analyst,"Cybersecurity, Threat Detection, Encryption, Security Auditing, Network Defense"
Cybersecurity Analyst,"Cybersecurity, Threat Detection, Encryption, Security Auditing, Network Defense"
Cybersecurity Analyst,"Cybersecurity, Threat Detection, Encryption, Security Auditing, Network Defense"
Cybersecurity Analyst,"Cybersecurity, Threat Detection, Encryption, Security Auditing, Network Defense"
Cybersecurity Analyst,"Incident Response, Vulnerability Scanning, Ethical Hacking, Risk Management"
Cybersecurity Analyst,"Incident Response, Vulnerability Scanning, Ethical Hacking, Risk Management"
Cybersecurity Analyst,"Incident Response, Vulnerability Scanning, Ethical Hacking, Risk Management"
Cybersecurity Analyst,"Incident Response, Vulnerability Scanning, Ethical Hacking, Risk Management"
Cybersecurity Analyst,"Incident Response, Vulnerability Scanning, Ethical Hacking, Risk Management"
Cybersecurity Analyst,"Incident Response, Vulnerability Scanning, Ethical Hacking, Risk Management"
Cybersecurity Analyst,"Incident Response, Vulnerability Scanning, Ethical Hacking, Risk Management"
Cybersecurity Analyst,"Incident Response, Vulnerability Scanning, Ethical Hacking, Risk Management"
Cybersecurity Analyst,"Incident Response, Vulnerability Scanning, Ethical Hacking, Risk Management"
Cybersecurity Analyst,"Incident Response, Vulnerability Scanning, Ethical Hacking, Risk Management"
Cybersecurity Analyst,"Security Monitoring, Network Protection, Firewalls, Threat Analysis, IDS, SIEM"
Cybersecurity Analyst,"Security Monitoring, Network Protection, Firewalls, Threat Analysis, IDS, SIEM"
Cybersecurity Analyst,"Security Monitoring, Network Protection, Firewalls, Threat Analysis, IDS, SIEM"
Cybersecurity Analyst,"Security Monitoring, Network Protection, Firewalls, Threat Analysis, IDS, SIEM"
Cybersecurity Analyst,"Security Monitoring, Network Protection, Firewalls, Threat Analysis, IDS, SIEM"
Cybersecurity Analyst,"Security Monitoring, Network Protection, Firewalls, Threat Analysis, IDS, SIEM"
Cybersecurity Analyst,"Security Monitoring, Network Protection, Firewalls, Threat Analysis, IDS, SIEM"
Cybersecurity Analyst,"Security Monitoring, Network Protection, Firewalls, Threat Analysis, IDS, SIEM"
Cybersecurity Analyst,"Security Monitoring, Network Protection, Firewalls, Threat Analysis, IDS, SIEM"
Cybersecurity Analyst,"Security Monitoring, Network Protection, Firewalls, Threat Analysis, IDS, SIEM"
Database Administrator,"SQL, MySQL, Oracle, Database Management, Backup, Query Optimization, Stored Procedures"
Database Administrator,"SQL, MySQL, Oracle, Database Management, Backup, Query Optimization, Stored Procedures"
Database Administrator,"SQL, MySQL, Oracle, Database Management, Backup, Query Optimization, Stored Procedures"
Database Administrator,"SQL, MySQL, Oracle, Database Management, Backup, Query Optimization, Stored Procedures"
Database Administrator,"SQL, MySQL, Oracle, Database Management, Backup, Query Optimization, Stored Procedures"
Database Administrator,"SQL, MySQL, Oracle, Database Management, Backup, Query Optimization, Stored Procedures"
Database Administrator,"SQL, MySQL, Oracle, Database Management, Backup, Query Optimization, Stored Procedures"
Database Administrator,"SQL, MySQL, Oracle, Database Management, Backup, Query Optimization, Stored Procedures"
Database Administrator,"SQL, MySQL, Oracle, Database Management, Backup, Query Optimization, Stored Procedures"
Database Administrator,"SQL, MySQL, Oracle, Database Management, Backup, Query Optimization, Stored Procedures"
Database Administrator,"PostgreSQL, Data Security, Database Design, Indexing, SQL Server, Backup Management"
Database Administrator,"PostgreSQL, Data Security, Database Design, Indexing, SQL Server, Backup Management"
Database Administrator,"PostgreSQL, Data Security, Database Design, Indexing, SQL Server, Backup Management"
Database Administrator,"PostgreSQL, Data Security, Database Design, Indexing, SQL Server, Backup Management"
Database Administrator,"PostgreSQL, Data Security, Database Design, Indexing, SQL Server, Backup Management"
Database Administrator,"PostgreSQL, Data Security, Database Design, Indexing, SQL Server, Backup Management"
Database Administrator,"PostgreSQL, Data Security, Database Design, Indexing, SQL Server, Backup Management"
Database Administrator,"PostgreSQL, Data Security, Database Design, Indexing, SQL Server, Backup Management"
Database Administrator,"PostgreSQL, Data Security, Database Design, Indexing, SQL Server, Backup Management"
Database Administrator,"PostgreSQL, Data Security, Database Design, Indexing, SQL Server, Backup Management"
Database Administrator,"MongoDB, NoSQL, Database Tuning, Query Optimization, Replication, Backup"
Database Administrator,"MongoDB, NoSQL, Database Tuning, Query Optimization, Replication, Backup"
Database Administrator,"MongoDB, NoSQL, Database Tuning, Query Optimization, Replication, Backup"
Database Administrator,"MongoDB, NoSQL, Database Tuning, Query Optimization, Replication, Backup"
Database Administrator,"MongoDB, NoSQL, Database Tuning, Query Optimization, Replication, Backup"
Database Administrator,"MongoDB, NoSQL, Database Tuning, Query Optimization, Replication, Backup"
Database Administrator,"MongoDB, NoSQL, Database Tuning, Query Optimization, Replication, Backup"
Database Administrator,"MongoDB, NoSQL, Database Tuning, Query Optimization, Replication, Backup"
Database Administrator,"MongoDB, NoSQL, Database Tuning, Query Optimization, Replication, Backup"
Database Administrator,"MongoDB, NoSQL, Database Tuning, Query Optimization, Replication, Backup"
Database Administrator,"SQL, Oracle, Database Administration, Troubleshooting, Data Integrity"
Database Administrator,"SQL, Oracle, Database Administration, Troubleshooting, Data Integrity"
Database Administrator,"SQL, Oracle, Database Administration, Troubleshooting, Data Integrity"
Database Administrator,"SQL, Oracle, Database Administration, Troubleshooting, Data Integrity"
Database Administrator,"SQL, Oracle, Database Administration, Troubleshooting, Data Integrity"
Database Administrator,"SQL, Oracle, Database Administration, Troubleshooting, Data Integrity"
Database Administrator,"SQL, Oracle, Database Administration, Troubleshooting, Data Integrity"
Database Administrator,"SQL, Oracle, Database Administration, Troubleshooting, Data Integrity"
Database Administrator,"SQL, Oracle, Database Administration, Troubleshooting, Data Integrity"
Database Administrator,"SQL, Oracle, Database Administration, Troubleshooting, Data Integrity"
AI Researcher,"Python, Deep Learning, Reinforcement Learning, TensorFlow, PyTorch, Research, AI Models, NLP"
AI Researcher,"Python, Deep Learning, Reinforcement Learning, TensorFlow, PyTorch, Research, AI Models, NLP"
AI Researcher,"Python, Deep Learning, Reinforcement Learning, TensorFlow, PyTorch, Research, AI Models, NLP"
AI Researcher,"Python, Deep Learning, Reinforcement Learning, TensorFlow, PyTorch, Research, AI Models, NLP"
AI Researcher,"Python, Deep Learning, Reinforcement Learning, TensorFlow, PyTorch, Research, AI Models, NLP"
AI Researcher,"Python, Deep Learning, Reinforcement Learning, TensorFlow, PyTorch, Research, AI Models, NLP"
AI Researcher,"Python, Deep Learning, Reinforcement Learning, TensorFlow, PyTorch, Research, AI Models, NLP"
AI Researcher,"Python, Deep Learning, Reinforcement Learning, TensorFlow, PyTorch, Research, AI Models, NLP"
AI Researcher,"Python, Deep Learning, Reinforcement Learning, TensorFlow, PyTorch, Research, AI Models, NLP"
AI Researcher,"Python, Deep Learning, Reinforcement Learning, TensorFlow, PyTorch, Research, AI Models, NLP"
AI Researcher,"Computer Vision, Machine Learning, TensorFlow, Python, GANs, Research"
AI Researcher,"Computer Vision, Machine Learning, TensorFlow, Python, GANs, Research"
AI Researcher,"Computer Vision, Machine Learning, TensorFlow, Python, GANs, Research"
AI Researcher,"Computer Vision, Machine Learning, TensorFlow, Python, GANs, Research"
AI Researcher,"Computer Vision, Machine Learning, TensorFlow, Python, GANs, Research"
AI Researcher,"Computer Vision, Machine Learning, TensorFlow, Python, GANs, Research"
AI Researcher,"Computer Vision, Machine Learning, TensorFlow, Python, GANs, Research"
AI Researcher,"Computer Vision, Machine Learning, TensorFlow, Python, GANs, Research"
AI Researcher,"Computer Vision, Machine Learning, TensorFlow, Python, GANs, Research"
AI Researcher,"Computer Vision, Machine Learning, TensorFlow, Python, GANs, Research"
AI Researcher,"AI Algorithms, NLP, Deep Learning, PyTorch, Model Optimization, Research Papers"
AI Researcher,"AI Algorithms, NLP, Deep Learning, PyTorch, Model Optimization, Research Papers"
AI Researcher,"AI Algorithms, NLP, Deep Learning, PyTorch, Model Optimization, Research Papers"
AI Researcher,"AI Algorithms, NLP, Deep Learning, PyTorch, Model Optimization, Research Papers"
AI Researcher,"AI Algorithms, NLP, Deep Learning, PyTorch, Model Optimization, Research Papers"
AI Researcher,"AI Algorithms, NLP, Deep Learning, PyTorch, Model Optimization, Research Papers"
AI Researcher,"AI Algorithms, NLP, Deep Learning, PyTorch, Model Optimization, Research Papers"
AI Researcher,"AI Algorithms, NLP, Deep Learning, PyTorch, Model Optimization, Research Papers"
AI Researcher,"AI Algorithms, NLP, Deep Learning, PyTorch, Model Optimization, Research Papers"
AI Researcher,"AI Algorithms, NLP, Deep Learning, PyTorch, Model Optimization, Research Papers"
AI Researcher,"Neural Networks, Deep Learning, Research, Python, Transformers, Generative Models"
AI Researcher,"Neural Networks, Deep Learning, Research, Python, Transformers, Generative Models"
AI Researcher,"Neural Networks, Deep Learning, Research, Python, Transformers, Generative Models"
AI Researcher,"Neural Networks, Deep Learning, Research, Python, Transformers, Generative Models"
AI Researcher,"Neural Networks, Deep Learning, Research, Python, Transformers, Generative Models"
AI Researcher,"Neural Networks, Deep Learning, Research, Python, Transformers, Generative Models"
AI Researcher,"Neural Networks, Deep Learning, Research, Python, Transformers, Generative Models"
AI Researcher,"Neural Networks, Deep Learning, Research, Python, Transformers, Generative Models"
AI Researcher,"Neural Networks, Deep Learning, Research, Python, Transformers, Generative Models"
AI Researcher,"Neural Networks, Deep Learning, Research, Python, Transformers, Generative Models"
Python Developer,"Python, Django, Flask, FastAPI, NumPy, Pandas, Scikit-learn, REST APIs, Git, SQL"
Python Developer,"Python, Django, Flask, HTML, CSS, Pandas, NumPy, PostgreSQL, Docker, Git"
Python Developer,"Python, FastAPI, Flask, Pandas, TensorFlow, Scikit-learn, REST APIs, AWS, NumPy"
Python Developer,"Python, Django, FastAPI, Pandas, NumPy, JSON, PostgreSQL, CI/CD, GitHub, APIs"
Java Developer,"Java, Spring Boot, Maven, Hibernate, REST APIs, MySQL, Git, JUnit, Tomcat, IntelliJ"
Java Developer,"Java, Spring Framework, Maven, JPA, Microservices, Docker, Jenkins, AWS, Git, SQL"
Java Developer,"Java, Spring Boot, Servlets, JSP, Oracle DB, REST APIs, Hibernate, Maven, Git"
Java Developer,"Java, Spring Boot, Spring MVC, Maven, MySQL, JUnit, GitHub, Docker, CI/CD"
